{
    "intercepts": {
        "1": [
            -3.205304,
            -1.980268,
            -0.8773935,
            0.6793882,
            0.5299515,
            1.118544,
            2.013279,
            -0.1143062,
            1.556936,
            -0.4091954,
            1.123811,
            -0.4354427
        ],
        "2": [
            0.6556174,
            -0.6556174
        ],
        "3": [
            -0.08237091
        ]
    },
    "interactions": {
        "12": [
            [
                0,
                0.0
            ],
            [
                0,
                -0.8500716
            ],
            [
                0,
                0.6095987
            ],
            [
                0,
                -1.1611689
            ],
            [
                0,
                -1.0120873
            ],
            [
                0,
                -0.587657
            ],
            [
                0,
                -0.2160689
            ],
            [
                0,
                0.0
            ],
            [
                0,
                0.2347816
            ],
            [
                0,
                0.9330683
            ],
            [
                0,
                1.222582
            ],
            [
                0,
                1.5064418
            ]
        ],
        "13": [
            [
                0.0
            ],
            [
                -0.607343718
            ],
            [
                0.133567395
            ],
            [
                -0.599958289
            ],
            [
                -0.511193724
            ],
            [
                -0.350217121
            ],
            [
                -0.2691724
            ],
            [
                0.0
            ],
            [
                0.008916403
            ],
            [
                0.156701144
            ],
            [
                0.220977932
            ],
            [
                0.820933099
            ]
        ],
        "23": [
            [
                -0.3612832
            ],
            [
                0.3612832
            ]
        ]
    }
}